<?xml version="1.0" encoding="UTF-8"?>
<!DOCTYPE beans PUBLIC "-//SPRING//DTD BEAN//EN" "http://www.springframework.org/dtd/spring-beans.dtd">
<beans>
    <!-- JmsTemplate Definition -->
    <bean id="jmsTemplate" class="org.springframework.jms.core.JmsTemplate">
        <property name="connectionFactory" ref="connectionFactory" />
        <property name="defaultDestination" ref="destinationQueue" />
        <property name="messageConverter" ref="myMessageConverter" />
    </bean>

    <bean id="amqConnectionFactory" class="org.apache.activemq.ActiveMQConnectionFactory">
        <constructor-arg index="0" value="tcp://localhost:61616" />
    </bean>

    <!-- ConnectionFactory Definition -->
    <bean id="connectionFactory" class="org.springframework.jms.connection.SingleConnectionFactory">
        <constructor-arg ref="amqConnectionFactory" />
    </bean>

    <bean id="destinationQueue" class="org.apache.activemq.command.ActiveMQQueue">
        <constructor-arg index="0" value="IN_QUEUE" />
    </bean>

    <bean id="SampleJmsMessageSender" class="jms.SampleJmsMessageSender">
        <property name="queue" ref="destinationQueue" />
        <property name="jmsTemplate" ref="jmsTemplate" />
    </bean>

    <bean id="myMessageConverter" class="jms.SampleMessageConverter" />

    <!-- this is the Message-Driven POJO (MDP) -->
    <bean id="messageListener" class="jms.SampleListener">
        <property name="jmsTemplate" ref="jmsTemplate" />
        <property name="queue" ref="destinationQueue" />
    </bean>

    <bean id="errorHandler" class="jms.SampleJmsErrorHandler" />

    <!-- and this is the message listener container -->
    <bean id="jmsContainer" class="org.springframework.jms.listener.DefaultMessageListenerContainer">
        <property name="connectionFactory" ref="connectionFactory" />
        <property name="destinationName" value="IN_QUEUE" />
        <property name="messageListener" ref="messageListener" />
        <property name="errorHandler" ref="errorHandler" />
    </bean>

    <bean id="broker" class="org.apache.activemq.xbean.BrokerFactoryBean">
    <property name="config" value="classpath:EmbededActiveMQ.xml" />
    <property name="start" value="true" />
    </bean>

</beans>